episode,success,steps,total_reward,final_exploration_rate
1,False,50,-9.906970305706205,1.1753038143277887
2,False,50,-10.300419611914663,1.151217530242334
3,False,50,-8.735517680168186,1.1277260855008078
4,False,50,-7.665750720381088,1.1048147898403269
5,False,50,-8.848625110237293,1.0824693157914678
6,False,50,-7.282425709092561,1.060675689718653
7,False,50,-11.120468104065882,1.039420283081803
8,False,50,-10.728105882203664,1.018689803913795
9,False,50,-9.135490147914075,0.9984712885083942
10,False,50,-10.33342043311153,0.9787520933134615
11,False,50,-8.48733097151349,0.9595198870243695
12,False,50,-8.349363276256417,0.9407626428726787
13,False,50,-9.927130400260541,0.9224686311052575
14,False,50,-7.177027269111737,0.9046264116491338
15,False,50,-11.133071061721424,0.8872248269575027
16,False,50,-12.746680113349807,0.8702529950324074
17,False,50,-10.364654880867501,0.8537003026197314
18,False,50,-11.170149851703766,0.8375563985722541
19,False,50,-8.748684053929225,0.8218111873766076
20,False,50,-9.15760405601049,0.806454822840097
21,False,50,-9.565134786848018,0.7914777019334303
22,False,50,-7.176227165739137,0.7768704587855093
23,False,50,-7.56597024604845,0.7626239588265293
24,False,50,-7.96576100242219,0.748729293075715
25,False,50,-8.347059885036819,0.7351777725701358
26,False,50,-6.097264759644781,0.7219609229311035
27,False,50,-9.541640390973047,0.7090704790647584
28,False,50,-9.138075117789967,0.6964983799935336
29,False,50,-7.564130256457029,0.6842367638152613
30,False,50,-7.957008487758817,0.6722779627867691
31,False,50,-11.95913251522551,0.6606144985288935
32,False,50,-8.359289654535216,0.6492390773499115
33,False,50,-7.561566041040403,0.6381445856844652
34,False,50,-7.698036203756329,0.6273240856451275
35,False,50,-7.55665817154412,0.6167708106838277
36,False,50,-7.557597901374852,0.606478161360422
37,False,50,-8.351292528193339,0.5964397012157661
38,False,50,-7.169606832685323,0.5866491527467055
39,False,50,-8.357760217107746,0.5771003934804696
40,False,50,-7.964432961160172,0.5677874521460121
41,False,50,-7.974514996719272,0.5587045049399046
42,False,50,-7.164708447862637,0.5498458718844501
43,False,50,-7.5525159097175765,0.5412060132757354
44,False,50,-9.55732683207433,0.5327795262194028
45,False,50,-7.5550951815697704,0.524561141251978
46,False,50,-7.296449967147926,0.5165457190456344
47,False,50,-5.702745006368581,0.5087282471943398
48,False,50,-7.569565414116319,0.5011038370793723
49,False,50,-7.1708511969552555,0.4936677208122451
50,False,50,-7.566262839245818,0.48641524825313087
51,False,50,-8.749986538796755,0.4793418841029192
52,False,50,-9.543499487758538,0.47244320506708815
53,False,50,-8.748290301001312,0.46571489708961894
54,False,50,-6.096609917981022,0.45915275265522115
55,False,50,-7.573621270224101,0.4527526681581832
56,False,50,-7.961252354207699,0.446510641336202
57,False,50,-9.945278655087755,0.44042276876758735
58,False,50,-7.6681751840013845,0.43448524343027584
59,False,50,-7.174827328635052,0.4286943523211281
60,False,50,-8.356363427846254,0.4230464741340195
61,False,50,-7.17474620905528,0.4175380769952737
62,False,50,-7.281007020089998,0.41216571625502263
63,False,50,-7.174869866791055,0.406926032333111
64,False,50,-7.959321579124689,0.4018157486181985
65,False,50,-7.969268067688728,0.39683166941874726
66,False,50,-7.5714515819820996,0.3919706779646106
67,False,50,-7.163494765446135,0.38722973445797637
68,False,50,-7.176249985434064,0.3826058741724434
69,False,50,-7.175196088320455,0.3780962055990444
70,False,50,-7.17118710907811,0.37369790863805413
71,False,50,-6.505172529459564,0.3694082328354539
72,False,50,-8.761564033904012,0.36522449566294835
73,False,50,-8.352975814548627,0.3611440808404587
74,False,50,-6.783893054178224,0.35716443670004494
75,False,50,-6.4978038410634875,0.353283074590232
76,False,50,-8.357960185781781,0.34949756731974424
77,False,50,-7.175106970698005,0.3458055476396719
78,False,50,-7.1688898467668,0.3422047067631241
79,False,50,-7.562605953981708,0.33869279292143967
80,False,50,-7.176113600544594,0.3352676099560542
81,False,50,-7.974587226268552,0.3319270159451434
82,False,50,-6.772557066125023,0.3286689218641815
83,False,50,-6.781726791658699,0.32549129027958046
84,False,50,-6.774016124999042,0.32239213407459066
85,False,50,-7.97651522409727,0.31936951520666645
86,False,50,-7.969484314606676,0.3164215434955208
87,False,50,-7.173082449165014,0.31354637544110997
88,False,50,-7.578103639593994,0.31074221307080974
89,False,50,-7.174746676766577,0.3080073028150614
90,False,50,-7.17631279990572,0.3053399344107859
91,False,50,-7.169367208531965,0.3027384398318786
92,False,50,-7.17946806830529,0.3002011922461172
93,False,50,-7.570970340565851,0.29772660499783016
94,False,50,-7.174263312642765,0.295313130615689
95,False,50,-8.35994334139614,0.29295925984500426
96,False,50,-7.182180008824211,0.2906635207039207
97,False,50,-8.350773427795719,0.28842447756292033
98,False,50,-7.577425236822926,0.28624073024705826
99,False,50,-7.176392550589316,0.2841109131603698
100,False,50,-7.578069276790473,0.2820336944319021
101,False,50,-6.783046602774365,0.2800077750828344
102,False,50,-7.181884509974667,0.2780318882141682
103,False,50,-8.371793249116331,0.27610479821447786
104,False,50,-7.572427123954867,0.27422529998722694
105,False,50,-6.78897969949215,0.27239221819716686
106,False,50,-6.785575163109785,0.2706044065353464
107,False,50,-7.571487277421809,0.26886074700227325
108,False,50,-7.584924766887542,0.2671601492087779
109,False,50,-7.573111647672546,0.2655015496941445
110,False,50,-6.783598643594087,0.26388391126108035
111,False,50,-7.174663353291296,0.26230622232710965
112,False,50,-7.978550440048366,0.26076749629198526
113,False,50,-7.576229183818004,0.25926677092072303
114,False,50,-7.571829251974115,0.25780310774187243
115,False,50,-7.565542303816482,0.25637559146064837
116,False,50,-7.971296011920336,0.25498332938655544
117,False,50,-6.782603346326314,0.25362545087514876
118,False,50,-8.74465915228964,0.2523011067835801
119,False,50,-7.171447758879906,0.25100946893959064
120,False,50,-7.9754133395009745,0.2497497296236176
121,False,50,-7.961382599674322,0.24852110106369044
122,False,50,-7.576797317529661,0.2473228149428014
123,False,50,-7.572040406046197,0.24615412191844233
124,False,50,-7.177388469841335,0.24501429115400658
125,False,50,-7.183646615389656,0.24390260986176426
126,False,50,-7.968969488150193,0.24281838285712348
127,False,50,-7.181730266644418,0.24176093212390012
128,False,50,-7.179590240201561,0.24072959639032368
129,False,50,-7.186791854539282,0.239723730715514
130,False,50,-7.177379226581716,0.23874270608617076
131,False,50,-7.165683663459612,0.2377859090232228
132,False,50,-6.778731756049138,0.236852741198192
133,False,50,-6.7841435780827375,0.23594261905903152
134,False,50,-6.781807029552928,0.23505497346520413
135,False,50,-7.184517009288506,0.23418924933177301
136,False,50,-7.953230376738282,0.23334490528228202
137,False,50,-7.164848644383116,0.23252141331020848
138,False,50,-6.780534947204376,0.23171825844877686
139,False,50,-7.569477036602121,0.2309349384489267
140,False,50,-7.582600300020723,0.23017096346523358
141,False,50,-7.580057705907027,0.22942585574958668
142,False,50,-7.572619555069162,0.22869914935243119
143,False,50,-7.560731399270886,0.22799038983138903
144,False,50,-7.184018019426349,0.2272991339670755
145,False,50,-7.57777556837497,0.22662494948593404
146,False,50,-7.173622616823299,0.22596741478991614
147,False,50,-7.18953079212772,0.22532611869283703
148,False,50,-7.570714044765012,0.22470066016324228
149,False,50,-6.788158643062669,0.22409064807362467
150,False,50,-6.7895821439402155,0.22349570095583451
151,False,50,-7.177830727265196,0.22291544676253047
152,False,50,-7.181550893946982,0.22234952263452137
153,False,50,-7.182310626012796,0.22179757467385394
154,False,50,-8.370985370430999,0.22125925772250454
155,False,50,-8.374710518132666,0.2207342351465362
156,False,50,-8.363628873388674,0.22022217862558605
157,False,50,-7.581295554530441,0.21972276794755197
158,False,50,-7.185249914061355,0.2192356908083493
159,False,50,-6.7923699942250995,0.21876064261661304
160,False,50,-7.1819867296388065,0.21829732630322315
161,False,50,-7.177371969222505,0.21784545213553372
162,False,50,-8.371052690080141,0.21740473753619005
163,False,50,-7.582600560790768,0.21697490690642018
164,False,50,-7.185835535589015,0.21655569145369072
165,False,50,-7.574884212285097,0.21614682902361856
166,False,50,-7.1791167244145235,0.21574806393603382
167,False,50,-7.177938801676511,0.21535914682509166
168,False,50,-6.791240967238878,0.21497983448333247
169,False,50,-8.748160268912017,0.21460988970959308
170,False,50,-7.577906085133986,0.21424908116067445
171,False,50,-6.7900197667417475,0.21389718320667203
172,False,50,-7.979807191080723,0.21355397578987934
173,False,50,-6.784468918807439,0.2132192442871758
174,False,50,-6.7885709299713035,0.2128927793758134
175,False,50,-7.189443825053233,0.21257437690251746
176,False,50,-6.78443872290565,0.21226383775582053
177,False,50,-7.193262950364996,0.2119609677415489
178,False,50,-7.188408130001362,0.21166557746138429
179,False,50,-7.965045594066634,0.21137748219442437
180,False,50,-7.188023106491515,0.2110965017816686
181,False,50,-7.17706703157003,0.21082246051335649
182,False,50,-6.790811036805563,0.21055518701908846
183,False,50,-7.187762677059315,0.21029451416066014
184,False,50,-7.197414182056585,0.2100402789275433
185,False,50,-7.191365823634691,0.20979232233494788
186,False,50,-8.360284114832465,0.20955048932440187
187,False,50,-8.372582900944016,0.209314628666786
188,False,50,-5.71778485899311,0.20908459286776335
189,False,50,-7.582024111617611,0.2088602380755446
190,False,50,-7.969323154828327,0.20864142399093097
191,False,50,-7.185347074074599,0.20842801377957865
192,False,50,-7.182824738930507,0.20821987398643022
193,False,50,-6.795175681888441,0.20801687445225914
194,False,50,-7.962127733782555,0.20781888823227535
195,False,50,-7.9848917831905055,0.20762579151674082
196,False,50,-6.790479673285031,0.2074374635535458
197,False,50,-7.191250021751258,0.20725378657269714
198,False,50,-6.796248148238198,0.20707464571267123
199,False,50,-6.786155636512196,0.20689992894858597
200,False,50,-7.967434640293764,0.20672952702214664
201,False,50,-7.589795488723896,0.20656333337332156
202,False,50,-7.571535495013184,0.20640124407370536
203,False,50,-6.788734147855855,0.206243157761528
204,False,50,-7.59161953952956,0.2060889755782684
205,False,50,-7.181612301465024,0.20593860110683393
206,False,50,-6.782288829057578,0.20579194031126635
207,False,50,-6.798077691687768,0.20564890147793696
208,False,50,-7.969006004947357,0.2055093951581938
209,False,50,-6.782413973046484,0.20537333411242548
210,False,50,-7.587419401679972,0.20524063325550618
211,False,50,-7.985310824902259,0.20511120960358822
212,False,50,-7.17484358968195,0.20498498222220843
213,False,50,-7.173802874486904,0.2048618721756761
214,False,50,-6.798522000254926,0.20474180247771104
215,False,50,-7.1750705362657685,0.20462469804330055
216,False,50,-7.578166317615315,0.2045104856417453
217,False,50,-8.370053996989327,0.2043990938508649
218,False,50,-7.168362956625256,0.20429045301233445
219,False,50,-6.800983574386038,0.20418449518812395
220,False,50,-7.198648634561928,0.20408115411801356
221,False,50,-6.781005666536592,0.2039803651781582
222,False,50,-7.986579397925633,0.2038820653406752
223,False,50,-6.49532843171487,0.20378619313423024
224,False,50,-6.803422043600982,0.20369268860559644
225,False,50,-7.5773917931987755,0.20360149328216295
226,False,50,-7.585975574886469,0.20351255013536945
227,False,50,-7.596224662130532,0.20342580354504342
228,False,50,-7.586173708736348,0.2033411992646185
229,False,50,-7.189732799410745,0.20325868438721162
230,False,50,-7.5880802066597175,0.2031782073125379
231,False,50,-6.789609841407999,0.2030997177146427
232,False,50,-7.587730301051308,0.20302316651043045
233,False,50,-7.5820422898952335,0.20294850582897084
234,False,50,-7.181737493937668,0.202875688981563
235,False,50,-6.800785494242617,0.20280467043253878
236,False,50,-7.197325274490369,0.20273540577078744
237,False,50,-7.185336143855756,0.20266785168198323
238,False,50,-7.588131001824761,0.20260196592149904
239,False,50,-7.182484353182532,0.20253770728798895
240,False,50,-6.790392901588677,0.20247503559762306
241,False,50,-6.7898653273166705,0.2024139116589588
242,False,50,-7.191501997078669,0.20235429724843285
243,False,50,-7.198146367511174,0.20229615508645798
244,False,50,-7.188278630689213,0.20223944881411063
245,False,50,-7.583170110483065,0.20218414297039394
246,False,50,-7.180210347907307,0.20213020297006243
247,False,50,-7.983285024613808,0.20207759508199427
248,False,50,-8.367455822525068,0.20202628640809767
249,False,50,-8.37316778057615,0.2019762448627382
250,False,50,-7.570917853825853,0.20192743915267428
251,False,50,-7.58946488288281,0.20187983875748794
252,False,50,-6.787422156148766,0.20183341391049922
253,False,50,-7.9671329815432275,0.20178813558015152
254,False,50,-7.9710385100957994,0.201743975451857
255,False,50,-6.514640416277576,0.20170090591029016
256,False,50,-6.80352939016925,0.20165890002211867
257,False,50,-7.19428778871848,0.2016179315191608
258,False,50,-7.191493880300137,0.20157797478195869
259,False,50,-7.9685475686847305,0.20153900482375736
260,False,50,-7.596744087220765,0.2015009972748794
261,False,50,-7.5831455319289445,0.20146392836748553
262,False,50,-7.575977904124402,0.2014277749207113
263,False,50,-7.574121214189562,0.20139251432617128
264,False,50,-7.985552553970757,0.20135812453382093
265,False,50,-7.967706539830242,0.2013245840381677
266,False,50,-6.779175115357788,0.20129187186482267
267,False,50,-6.7967981625259215,0.2012599675573843
268,False,50,-7.198214857013951,0.20122885116464617
269,False,50,-6.808144979492845,0.20119850322812055
270,False,50,-7.978207011623392,0.20116890476987015
271,False,50,-7.582649618539245,0.2011400372806403
272,False,50,-6.800224943813589,0.20111188270828437
273,False,50,-7.193075974861491,0.20108442344647487
274,False,50,-7.198015136954426,0.20105764232369341
275,False,50,-6.794612075968009,0.20103152259249268
276,False,50,-6.104837294511968,0.2010060479190234
277,False,50,-7.575470772426407,0.20098120237282008
278,False,50,-7.975897529813514,0.20095697041683888
279,False,50,-7.595979538548141,0.20093333689774182
280,False,50,-6.794965483387827,0.20091028703642047
281,False,50,-7.968381809621155,0.20088780641875403
282,False,50,-6.518135139286343,0.2008658809865955
283,False,50,-7.192603264957773,0.2008444970289805
284,False,50,-7.19717478197669,0.20082364117355317
285,False,50,-7.195864232891414,0.20080330037820382
286,False,50,-7.198441916512888,0.20078346192291313
287,False,50,-7.18851246006869,0.20076411340179776
288,False,50,-7.203096373039695,0.20074524271535235
289,False,50,-8.368390545287077,0.20072683806288313
290,False,50,-7.18778684654741,0.20070888793512856
291,False,50,-7.582607098786307,0.20069138110706183
292,False,50,-7.194114346025391,0.20067430663087157
293,False,50,-7.9755585366691415,0.20065765382911555
294,False,50,-7.564971917890807,0.2006414122880437
295,False,50,-7.585118859473761,0.2006255718510857
296,False,50,-8.350761345727976,0.2006101226125
297,False,50,-7.989332635929786,0.20059505491117888
298,False,50,-7.588604499816974,0.20058035932460724
299,False,50,-7.600464377657401,0.20056602666297016
300,False,50,-6.809377247096,0.200552047963406
301,False,50,-8.786714855381746,0.20053841448440177
302,False,50,-7.194654075856571,0.20052511770032638
303,False,50,-7.577288897966641,0.20051214929609937
304,False,50,-7.195005330218015,0.200499501161991
305,False,50,-6.805876334305575,0.200487165388551
306,False,50,-6.7922693683513975,0.20047513426166225
307,False,50,-7.198445745090942,0.200463400257717
308,False,50,-7.580491957015495,0.2004519560389119
309,False,50,-7.573555007670492,0.20044079444865923
310,False,50,-7.178858458226885,0.20042990850711187
311,False,50,-7.975525703634372,0.20041929140679818
312,False,50,-7.202017493694434,0.2004089365083651
313,False,50,-6.796426445716024,0.20039883733642638
314,False,50,-6.806671357702504,0.200388987575513
315,False,50,-5.728117453795417,0.20037938106612393
316,False,50,-7.194177017916269,0.20037001180087444
317,False,50,-6.8025097980535,0.20036087392073912
318,False,50,-7.202001081010068,0.20035196171138828
319,False,50,-6.797827131089417,0.20034326959961432
320,False,50,-7.992374082044318,0.20033479214984665
321,False,50,-6.8076854226867445,0.2003265240607524
322,False,50,-6.804057279349436,0.20031846016192165
323,False,50,-7.199521895007348,0.20031059541063362
324,False,50,-6.799430126737655,0.2003029248887037
325,False,50,-6.904811162676411,0.2002954437994075
326,False,50,-7.200395892644597,0.20028814746448165
327,False,50,-7.193692534277898,0.20028103132119782
328,False,50,-7.1984552889165165,0.20027409091950982
329,False,50,-7.986298286136932,0.20026732191927055
330,False,50,-7.597416926094915,0.20026072008751797
331,False,50,-7.196239984438254,0.20025428129582817
332,False,50,-7.563300462216568,0.20024800151773342
333,False,50,-6.805489781727054,0.20024187682620448
334,False,50,-7.5941791256663596,0.20023590339119474
335,False,50,-7.596062735737702,0.20023007747724508
336,False,50,-7.5724185784343785,0.20022439544114803
337,False,50,-6.807074864593295,0.20021885372966947
338,False,50,-7.189156240028629,0.20021344887732648
339,False,50,-7.205342771214971,0.2002081775042205
340,False,50,-6.800029993547355,0.2002030363139235
341,False,50,-6.8015542090326,0.20019802209141666
342,False,50,-7.953395228114901,0.20019313170107983
343,False,50,-7.200672219419342,0.20018836208473076
344,False,50,-7.192249884023008,0.20018371025971265
345,False,50,-7.198936595511609,0.2001791733170289
346,False,50,-7.597666246370686,0.20017474841952404
347,False,50,-7.974270462797089,0.20017043280010954
348,False,50,-7.986308468798979,0.2001662237600334
349,False,50,-7.587733391081061,0.2001621186671925
350,False,50,-6.785175248751585,0.20015811495448657
351,False,50,-7.596325170572069,0.20015421011821302
352,False,50,-6.813484638221906,0.20015040171650111
353,False,50,-6.809529292942736,0.20014668736778496
354,False,50,-7.173704851075859,0.2001430647493144
355,False,50,-7.204175215897861,0.20013953159570216
356,False,50,-7.993043285432499,0.20013608569750757
357,False,50,-7.18966562410265,0.2001327248998546
358,False,50,-7.5937692547749736,0.20012944710108446
359,False,50,-7.974919370811002,0.20012625025144135
360,False,50,-6.810007202230149,0.20012313235179058
361,False,50,-7.586486343666975,0.2001200914523685
362,False,50,-7.174194717450059,0.20011712565156317
363,False,50,-6.794135927295601,0.2001142330947252
364,False,50,-7.2019880613271,0.20011141197300794
365,False,50,-6.797922209365104,0.20010866052223644
366,False,50,-7.975180019922773,0.20010597702180405
367,False,50,-5.328679910501256,0.20010335979359659
368,False,50,-7.204482524673828,0.2001008072009429
369,False,50,-6.798147791714522,0.2000983176475913
370,False,50,-6.887250132014549,0.20009588957671154
371,False,50,-7.9765188870950725,0.20009352146992104
372,False,50,-7.979853989461076,0.20009121184633552
373,False,50,-6.5136781614343615,0.2000889592616429
374,False,50,-7.961888249646407,0.20008676230720013
375,False,50,-7.1897555690590975,0.20008461960915216
376,False,50,-7.2038814072783905,0.20008252982757302
377,False,50,-7.9849179104572015,0.2000804916556278
378,False,50,-7.968523856731661,0.20007850381875533
379,False,50,-7.593211508966354,0.2000765650738714
380,False,50,-8.77027442843222,0.20007467420859104
381,False,50,-6.801819370730261,0.20007283004047074
382,False,50,-8.35999580534967,0.20007103141626878
383,False,50,-5.731986531008397,0.20006927721122406
384,False,50,-6.7999824711467545,0.2000675663283528
385,False,50,-6.811560751330833,0.20006589769776262
386,False,50,-7.6013166548646325,0.2000642702759833
387,False,50,-6.8056456898011755,0.2000626830453144
388,False,50,-6.800120691895927,0.2000611350131888
389,False,50,-6.806675933370162,0.20005962521155204
390,False,50,-6.805978272311444,0.20005815269625682
391,False,50,-7.601267070638637,0.2000567165464727
392,False,50,-5.703272893304655,0.20005531586411032
393,False,50,-8.376299693485612,0.20005394977325966
394,False,50,-6.790485369485441,0.20005261741964225
395,False,50,-7.59021800777795,0.20005131797007716
396,False,50,-7.197061265855034,0.20005005061195982
397,False,50,-7.182894914196563,0.20004881455275386
398,False,50,-7.197968561371054,0.20004760901949556
399,False,50,-5.340663675645238,0.20004643325831042
400,False,50,-7.199583448877444,0.20004528653394182
401,False,50,-6.807891003379581,0.20004416812929113
402,False,50,-6.8141875454841045,0.20004307734496937
403,False,50,-9.148368272623454,0.20004201349885975
404,False,50,-6.806178336217154,0.20004097592569117
405,False,50,-8.385212812294487,0.2000399639766222
406,False,50,-6.790338810200623,0.20003897701883533
407,False,50,-7.205658602809498,0.20003801443514124
408,False,50,-7.595209660724798,0.20003707562359277
409,False,50,-7.2004772021522685,0.2000361599971086
410,False,50,-8.364708906196087,0.2000352669831061
411,False,50,-7.967808356162619,0.2000343960231432
412,False,50,-6.7953446747681765,0.20003354657256928
413,False,50,-8.379822170146738,0.20003271810018444
414,False,50,-6.805878984611678,0.20003191008790744
415,False,50,-7.992694975998279,0.20003112203045167
416,False,50,-7.185317595884928,0.20003035343500913
417,False,50,-7.97900570801022,0.20002960382094237
418,False,50,-7.593085384589882,0.20002887271948377
419,False,50,-7.982046964629549,0.20002815967344253
420,False,50,-7.996060548744335,0.20002746423691872
421,False,50,-7.595853860717744,0.20002678597502443
422,False,50,-6.801250590034576,0.20002612446361182
423,False,50,-9.152948426183022,0.20002547928900788
424,False,50,-7.9886007434414665,0.20002485004775575
425,False,50,-7.58435325227563,0.2000242363463624
426,False,50,-7.204895115892727,0.20002363780105262
427,False,50,-6.810088606544121,0.20002305403752896
428,False,50,-7.20880446827121,0.20002248469073763
429,False,50,-7.209135414700496,0.2000219294046404
430,False,50,-7.9860587924660065,0.20002138783199172
431,False,50,-6.80037815529383,0.20002085963412172
432,False,50,-7.985448630792245,0.2000203444807244
433,False,50,-7.606220580423018,0.20001984204965104
434,False,50,-7.591049054645735,0.20001935202670873
435,False,50,-8.3796521104663,0.20001887410546398
436,False,50,-6.800923559413062,0.20001840798705106
437,False,50,-7.2086787301547455,0.200017953379985
438,False,50,-7.200695106214539,0.20001750999997944
439,False,50,-6.79699449524777,0.20001707756976883
440,False,50,-7.581868167532923,0.200016655818935
441,False,50,-6.804777687983879,0.20001624448373806
442,False,50,-7.198425471747822,0.20001584330695152
443,False,50,-7.200026667005243,0.20001545203770138
444,False,50,-7.589756635061335,0.20001507043130928
445,False,50,-6.811462183420481,0.2000146982491395
446,False,50,-7.998437251595659,0.2000143352584497
447,False,50,-7.977665262127401,0.20001398123224537
448,False,50,-7.206084650223699,0.2000136359491379
449,False,50,-7.192759115300413,0.20001329919320618
450,False,50,-7.183958426725955,0.20001297075386149
451,False,50,-8.37107118709343,0.2000126504257158
452,False,50,-7.19958746053285,0.2000123380084535
453,False,50,-8.37446198671482,0.2000120333067059
454,False,50,-6.810146574765175,0.20001173612992923
455,False,50,-6.897750748651373,0.20001144629228543
456,False,50,-7.989874131704534,0.2000111636125259
457,False,50,-6.81475636319547,0.2000108879138782
458,False,50,-6.8012782140071835,0.20001061902393547
459,False,50,-7.1774961416410195,0.2000103567745487
460,False,50,-7.982676070584677,0.20001010100172148
461,False,50,-8.757384169426182,0.2000098515455075
462,False,50,-8.760772885856788,0.2000096082499105
463,False,50,-6.80861413919796,0.2000093709627867
464,False,50,-7.583253392706911,0.2000091395357498
465,False,50,-7.990525820962164,0.20000891382407796
466,False,50,-7.212413566749855,0.2000086936866235
467,False,50,-7.985996143150438,0.20000847898572446
468,False,50,-8.371365102202477,0.2000082695871187
469,False,50,-7.601631962950382,0.20000806535985977
470,False,50,-6.801998596623855,0.20000786617623517
471,False,50,-7.20218242071218,0.20000767191168634
472,False,50,-6.821460508259533,0.20000748244473088
473,False,50,-7.572912326389674,0.20000729765688652
474,False,50,-6.809645930415993,0.20000711743259708
475,False,50,-7.201430141768677,0.20000694165916014
476,False,50,-7.599337602613447,0.20000677022665667
477,False,50,-7.982764969314278,0.2000066030278821
478,False,50,-6.805945373223293,0.20000643995827952
479,False,50,-7.57266921358892,0.20000628091587414
480,False,50,-6.819394292321001,0.20000612580120952
481,False,50,-7.59010337144292,0.20000597451728544
482,False,50,-7.189463737640973,0.20000582696949726
483,False,50,-8.408344378651606,0.20000568306557664
484,False,50,-5.719226824260284,0.200005542715534
485,False,50,-6.815450010300854,0.20000540583160203
486,False,50,-7.587837736699744,0.20000527232818108
487,False,50,-7.201586037503795,0.20000514212178538
488,False,50,-7.599298729477669,0.20000501513099103
489,False,50,-7.985277194830496,0.2000048912763849
490,False,50,-7.597060198718405,0.20000477048051513
491,False,50,-8.389436546788735,0.2000046526678426
492,False,50,-9.167772181067946,0.20000453776469368
493,False,50,-7.5887107710636785,0.20000442569921426
494,False,50,-7.200026085231061,0.20000431640132474
495,False,50,-7.5918382498472035,0.2000042098026762
496,False,50,-7.195484111952375,0.20000410583660766
497,False,50,-7.196237544601397,0.20000400443810445
498,False,50,-7.196612215151086,0.20000390554375752
499,False,50,-7.1964762406328315,0.20000380909172372
500,False,50,-6.809373571959291,0.20000371502168726
501,False,50,-7.984872705540278,0.2000036232748219
502,False,50,-9.125297514600021,0.20000353379375416
503,False,50,-7.570096026860215,0.2000034465225275
504,False,50,-6.809262918670632,0.20000336140656721
505,False,50,-7.594008154796965,0.20000327839264653
506,False,50,-6.8154294798301915,0.200003197428853
507,False,50,-7.203018415518245,0.2000031184645564
508,False,50,-6.1193395551432,0.2000030414503767
509,False,50,-6.9119129888544,0.20000296633815348
510,False,50,-7.591079046490454,0.20000289308091568
511,False,50,-7.207901294193096,0.2000028216328522
512,False,50,-7.588404160072631,0.2000027519492834
513,False,50,-6.814800081199772,0.20000268398663293
514,False,50,-7.204792981203911,0.20000261770240071
515,False,50,-7.601975566674551,0.20000255305513617
516,False,50,-8.76465339712369,0.2000024900044125
517,False,50,-9.182219898801858,0.20000242851080122
518,False,50,-6.807598519236624,0.20000236853584755
519,False,50,-6.807863266291843,0.2000023100420465
520,False,50,-6.5214685061707645,0.2000022529928192
521,False,50,-7.593630687932457,0.20000219735249022
522,False,50,-7.604460056903014,0.20000214308626513
523,False,50,-7.989470067944852,0.2000020901602088
524,False,50,-7.197644628453723,0.20000203854122423
525,False,50,-7.590331150094922,0.20000198819703166
526,False,50,-7.207000173618968,0.2000019390961486
527,False,50,-7.603889165729701,0.20000189120787007
528,False,50,-6.809579775727916,0.20000184450224937
529,False,50,-6.81199558046934,0.20000179895007936
530,False,50,-6.815968197829947,0.2000017545228742
531,False,50,-6.808466617718346,0.2000017111928515
532,False,50,-8.386553725228131,0.20000166893291513
533,False,50,-7.990408232642924,0.200001627716638
534,False,50,-8.388410002084408,0.20000158751824568
535,False,50,-7.196394174070457,0.2000015483126003
536,False,50,-7.990081209940898,0.20000151007518485
537,False,50,-7.207233007663737,0.2000014727820877
538,False,50,-7.583719005601508,0.20000143640998783
539,False,50,-7.600852053756839,0.20000140093614008
540,False,50,-7.6037868194278895,0.20000136633836105
541,False,50,-7.181121893294483,0.20000133259501518
542,False,50,-7.211620425840089,0.20000129968500127
543,False,50,-7.202629983795602,0.20000126758773915
544,False,50,-7.194483802437112,0.200001236283157
545,False,50,-6.808000959280997,0.2000012057516786
546,False,50,-6.800454654570983,0.20000117597421127
547,False,50,-7.21625017469634,0.2000011469321338
548,False,50,-7.201673135266018,0.20000111860728487
549,False,50,-6.805914328465049,0.20000109098195168
550,False,50,-5.341078838792316,0.20000106403885884
551,False,50,-7.990315258773466,0.2000010377611576
552,False,50,-7.2120927779969,0.2000010121324154
553,False,50,-7.60652091101621,0.20000098713660533
554,False,50,-7.215780409362797,0.20000096275809645
555,False,50,-7.607650622308936,0.20000093898164373
556,False,50,-6.8135157199486915,0.20000091579237872
557,False,50,-7.6093998692742435,0.20000089317580008
558,False,50,-6.808484543881637,0.20000087111776468
559,False,50,-6.80509644377771,0.20000084960447864
560,False,50,-6.816053165010318,0.2000008286224887
561,False,50,-7.208754756178014,0.20000080815867385
562,False,50,-7.205665647276705,0.2000007882002372
563,False,50,-7.597825738765877,0.2000007687346978
564,False,50,-6.806967815208413,0.20000074974988297
565,False,50,-7.60765106735489,0.20000073123392065
566,False,50,-7.1967999014743596,0.20000071317523196
567,False,50,-7.981208802706892,0.20000069556252403
568,False,50,-7.604377173119865,0.20000067838478278
569,False,50,-5.3490686166581405,0.20000066163126623
570,False,50,-7.597116747380304,0.20000064529149764
571,False,50,-6.80352865751339,0.200000629355259
572,False,50,-7.604537342815422,0.20000061381258466
573,False,50,-6.810865119585602,0.2000005986537551
574,False,50,-7.606634592187295,0.20000058386929082
575,False,50,-7.201546095815653,0.2000005694499464
576,False,50,-7.572577583079978,0.2000005553867048
577,False,50,-6.812696272036898,0.2000005416707716
578,False,50,-7.60311531465987,0.20000052829356968
579,False,50,-7.210478431468653,0.20000051524673357
580,False,50,-7.607029734871829,0.20000050252210458
581,False,50,-7.5978445739165945,0.20000049011172538
582,False,50,-6.817870524211666,0.20000047800783521
583,False,50,-6.810145318607169,0.20000046620286496
584,False,50,-6.817779419373863,0.20000045468943245
585,False,50,-7.602793406272911,0.2000004434603378
586,False,50,-6.811864873577688,0.20000043250855895
587,False,50,-7.6059103574039,0.20000042182724728
588,False,50,-7.211896640142194,0.20000041140972327
589,False,50,-7.204002905509174,0.20000040124947235
590,False,50,-7.202589915733603,0.2000003913401409
591,False,50,-7.602203264177108,0.2000003816755321
592,False,50,-7.198184975133711,0.2000003722496023
593,False,50,-8.399771205300205,0.200000363056457
594,False,50,-6.819472360956685,0.20000035409034733
595,False,50,-7.6108021219741335,0.20000034534566638
596,False,50,-8.001599382353575,0.20000033681694568
597,False,50,-7.601030435262846,0.20000032849885185
598,False,50,-6.815083019240984,0.2000003203861832
599,False,50,-6.805957440064964,0.20000031247386654
600,False,50,-7.208424315326662,0.2000003047569539
601,False,50,-6.80854595466193,0.2000002972306196
602,False,50,-6.820366044261432,0.20000028989015703
603,False,50,-6.80553221816311,0.2000002827309759
604,False,50,-7.216074844950054,0.20000027574859922
605,False,50,-6.814966067480288,0.2000002689386606
606,False,50,-7.198587099733678,0.20000026229690152
607,False,50,-7.598957412366454,0.20000025581916853
608,False,50,-6.80690171444787,0.20000024950141085
609,False,50,-6.81875387815386,0.20000024333967767
610,False,50,-6.809245979292851,0.20000023733011582
611,False,50,-6.805305386819239,0.2000002314689672
612,False,50,-6.7913354889850845,0.20000022575256662
613,False,50,-7.211370711346571,0.20000022017733932
614,False,50,-6.820835610312131,0.20000021473979887
615,False,50,-7.213993121776971,0.20000020943654492
616,False,50,-7.210299485424551,0.20000020426426113
617,False,50,-8.000598026761384,0.20000019921971302
618,False,50,-6.813792714318685,0.20000019429974597
619,False,50,-7.208895395521008,0.20000018950128337
620,False,50,-6.809160741303234,0.2000001848213245
621,False,50,-6.808612758490436,0.20000018025694274
622,False,50,-6.820760136328511,0.20000017580528381
623,False,50,-8.000856391329885,0.20000017146356389
624,False,50,-7.598462454820754,0.20000016722906788
625,False,50,-6.813127178681673,0.20000016309914778
626,False,50,-6.81443700417556,0.20000015907122093
627,False,50,-7.612082651948693,0.20000015514276853
628,False,50,-6.804839838867516,0.20000015131133392
629,False,50,-6.811446485500534,0.20000014757452111
630,False,50,-7.608332912850337,0.20000014392999335
631,False,50,-6.799395610067115,0.2000001403754715
632,False,50,-7.211498986177812,0.2000001369087328
633,False,50,-6.8170864898957975,0.20000013352760931
634,False,50,-6.8156346824702725,0.2000001302299867
635,False,50,-7.200787151415115,0.20000012701380274
636,False,50,-6.805870633169014,0.2000001238770463
637,False,50,-7.6060601513737165,0.20000012081775576
638,False,50,-7.213951843938611,0.20000011783401803
639,False,50,-7.598940537468976,0.20000011492396724
640,False,50,-6.819496142166342,0.2000001120857836
641,False,50,-7.2072673350159,0.2000001093176923
642,False,50,-6.815848705686905,0.20000010661796225
643,False,50,-6.821063769582634,0.20000010398490528
644,False,50,-7.213156945222257,0.20000010141687474
645,False,50,-7.608973881751347,0.20000009891226478
646,False,50,-7.994801552002674,0.20000009646950911
647,False,50,-6.786542103688178,0.20000009408708022
648,False,50,-6.819725624019821,0.2000000917634882
649,False,50,-6.820696898182328,0.20000008949728007
650,False,50,-7.2155534874481475,0.2000000872870386
651,False,50,-8.00216730201099,0.2000000851313817
652,False,50,-6.819874067104712,0.2000000830289613
653,False,50,-5.343479674373792,0.20000008097846264
654,False,50,-6.812337056540681,0.2000000789786035
655,False,50,-6.818211394278545,0.20000007702813324
656,False,50,-7.980929219373584,0.20000007512583218
657,False,50,-7.606980818057617,0.20000007327051067
658,False,50,-7.213889025877026,0.20000007146100854
659,False,50,-7.61080613410438,0.2000000696961942
660,False,50,-7.614099144278401,0.20000006797496406
661,False,50,-5.753624936414669,0.2000000662962417
662,False,50,-6.810686103746413,0.2000000646589774
663,False,50,-7.212539609935942,0.20000006306214732
664,False,50,-7.208763535033363,0.2000000615047528
665,False,50,-7.215239234788627,0.20000005998582002
666,False,50,-7.216435989412604,0.20000005850439906
667,False,50,-6.815398474926781,0.20000005705956356
668,False,50,-7.612835569625693,0.20000005565040999
669,False,50,-7.592386018220465,0.20000005427605713
670,False,50,-9.187699914598854,0.20000005293564554
671,False,50,-6.824666562226059,0.200000051628337
672,False,50,-7.593316339653992,0.20000005035331403
673,False,50,-6.145937523728434,0.20000004910977923
674,False,50,-7.2168879817583775,0.200000047896955
675,False,50,-7.602710074986726,0.20000004671408292
676,False,50,-8.010854426718726,0.20000004556042325
677,False,50,-6.821398566452496,0.20000004443525457
678,False,50,-7.212281629231672,0.20000004333787327
679,False,50,-6.824410660435298,0.2000000422675931
680,False,50,-7.601224336805272,0.2000000412237448
681,False,50,-7.216593222902909,0.20000004020567552
682,False,50,-7.611504056758706,0.2000000392127487
683,False,50,-7.606202999939002,0.20000003824434337
684,False,50,-7.611995391917631,0.20000003729985397
685,False,50,-7.203420403864383,0.20000003637868985
686,False,50,-7.610523157858582,0.20000003548027498
687,False,50,-7.617152162722061,0.20000003460404753
688,False,50,-7.619839028080314,0.20000003374945954
689,False,50,-7.323846113288396,0.20000003291597662
690,False,50,-7.216559541489323,0.20000003210307754
691,False,50,-7.6104863139888055,0.20000003131025398
692,False,50,-7.200819424408142,0.20000003053701013
693,False,50,-8.40359624197679,0.20000002978286247
694,False,50,-7.204470423617398,0.20000002904733935
695,False,50,-7.204899415935721,0.20000002832998087
696,False,50,-8.405273947227348,0.20000002763033842
697,False,50,-8.394661925605439,0.20000002694797445
698,False,50,-6.814079719521192,0.20000002628246227
699,False,50,-8.000590739804984,0.2000000256333857
700,False,50,-7.605587628556238,0.20000002500033884
701,False,50,-7.2178423301152606,0.20000002438292583
702,False,50,-7.617502959671425,0.20000002378076057
703,False,50,-6.818056185701851,0.2000000231934665
704,False,50,-7.216840527812148,0.20000002262067634
705,False,50,-7.225206716168991,0.2000000220620319
706,False,50,-7.622217583350277,0.20000002151718388
707,False,50,-8.010081197571578,0.2000000209857915
708,False,50,-7.217067458582145,0.20000002046752252
709,False,50,-8.008113069897846,0.20000001996205277
710,False,50,-7.9743692867435065,0.2000000194690662
711,False,50,-6.8283185247952805,0.20000001898825454
712,False,50,-7.215539298924701,0.2000000185193171
713,False,50,-7.591491986468781,0.20000001806196058
714,False,50,-7.215939695150449,0.20000001761589906
715,False,50,-7.594658032437888,0.20000001718085353
716,False,50,-6.816113451134884,0.200000016756552
717,False,50,-6.826647570079758,0.20000001634272907
718,False,50,-8.018744457333165,0.200000015939126
719,False,50,-7.22403665472811,0.20000001554549038
720,False,50,-7.606299207091588,0.20000001516157606
721,False,50,-6.828755091754584,0.20000001478714297
722,False,50,-6.8110962016597,0.20000001442195695
723,False,50,-6.821175602007374,0.20000001406578963
724,False,50,-6.499109924560298,0.20000001371841827
725,False,50,-7.581878937610341,0.20000001337962567
726,False,50,-6.824784982370033,0.20000001304919995
727,False,50,-7.21968300324367,0.2000000127269345
728,False,50,-8.005985350464512,0.20000001241262774
729,False,50,-7.614736684650179,0.20000001210608317
730,False,50,-7.221159431415226,0.2000000118071091
731,False,50,-8.400534695412713,0.20000001151551855
732,False,50,-8.010385552922546,0.20000001123112915
733,False,50,-6.825513246151375,0.2000000109537631
734,False,50,-6.112926361375483,0.20000001068324694
735,False,50,-8.01073551141409,0.20000001041941148
736,False,50,-7.6142999743217565,0.20000001016209176
737,False,50,-7.602922866213086,0.20000000991112687
738,False,50,-5.746110617001208,0.20000000966635983
739,False,50,-7.61810185412657,0.20000000942763763
740,False,50,-7.221550288597447,0.20000000919481092
741,False,50,-7.994710345562886,0.20000000896773418
742,False,50,-7.222255604614688,0.20000000874626533
743,False,50,-7.219433303596029,0.20000000853026595
744,False,50,-7.20903891467206,0.20000000831960094
745,False,50,-7.212763017828298,0.2000000081141385
746,False,50,-6.810988287578958,0.20000000791375025
747,False,50,-7.207869657876022,0.2000000077183108
748,False,50,-6.808593640934817,0.20000000752769795
749,False,50,-10.362071436829202,0.20000000734179255
750,False,50,-7.207947159838285,0.20000000716047828
751,False,50,-7.221159276468262,0.20000000698364176
752,False,50,-7.2092729366148465,0.20000000681117244
753,False,50,-6.814840012836194,0.20000000664296247
754,False,50,-6.804580350896871,0.20000000647890664
755,False,50,-7.206891645172799,0.20000000631890236
756,False,50,-7.606546131096298,0.20000000616284958
757,False,50,-7.214355579623506,0.20000000601065068
758,False,50,-7.613691429361194,0.20000000586221056
759,False,50,-7.603291966121588,0.2000000057174363
760,False,50,-7.219429159951549,0.20000000557623743
761,False,50,-7.212672429364262,0.20000000543852564
762,False,50,-7.61957484049999,0.2000000053042148
763,False,50,-7.207810697450969,0.20000000517322095
764,False,50,-7.218389936550407,0.20000000504546211
765,False,50,-8.786748856995901,0.20000000492085843
766,False,50,-6.816779953128592,0.200000004799332
767,False,50,-6.812049225842466,0.2000000046808068
768,False,50,-6.882866286513058,0.20000000456520875
769,False,50,-7.203830073083331,0.2000000044524655
770,False,50,-7.597554608031152,0.2000000043425066
771,False,50,-7.20792508789167,0.20000000423526323
772,False,50,-8.005246773364416,0.20000000413066837
773,False,50,-6.8122321544275,0.20000000402865664
774,False,50,-7.592695591927188,0.20000000392916417
775,False,50,-7.606291247821787,0.20000000383212882
776,False,50,-7.602690935315617,0.20000000373748986
777,False,50,-6.825450689735601,0.2000000036451881
778,False,50,-7.2156848724790565,0.20000000355516587
779,False,50,-8.785631843678546,0.20000000346736682
780,False,50,-7.60339754821915,0.2000000033817361
781,False,50,-6.10407914370755,0.2000000032982201
782,False,50,-6.79753351098394,0.20000000321676664
783,False,50,-7.577875331088634,0.2000000031373248
784,False,50,-6.823999561142969,0.20000000305984483
785,False,50,-8.021303325923911,0.20000000298427834
786,False,50,-7.217249014252412,0.20000000291057804
787,False,50,-7.589506913492142,0.20000000283869787
788,False,50,-7.608497596191079,0.20000000276859287
789,False,50,-8.403370545310874,0.20000000270021917
790,False,50,-7.609885019049634,0.20000000263353407
791,False,50,-5.3439686186339275,0.20000000256849582
792,False,50,-9.562358789242788,0.20000000250506378
793,False,50,-7.61403424659578,0.20000000244319824
794,False,50,-7.99440487371777,0.20000000238286056
795,False,50,-6.13300624177082,0.200000002324013
796,False,50,-7.599188416032213,0.20000000226661874
797,False,50,-7.2228041546829695,0.2000000022106419
798,False,50,-7.984709000474175,0.2000000021560475
799,False,50,-7.199777643736084,0.20000000210280133
800,False,50,-8.38049722528276,0.20000000205087018
801,False,50,-6.81913784648118,0.2000000020002215
802,False,50,-8.793846701000481,0.20000000195082365
803,False,50,-9.958696673969385,0.20000000190264575
804,False,50,-7.997349018817644,0.20000000185565767
805,False,50,-7.203660567621454,0.20000000180983
806,False,50,-7.988850420818833,0.2000000017651341
807,False,50,-7.996482779942966,0.20000000172154203
808,False,50,-7.998510260868898,0.20000000167902648
809,False,50,-6.818110364053741,0.20000000163756096
810,False,50,-7.215251252994117,0.20000000159711945
811,False,50,-7.614275463808253,0.2000000015576767
812,False,50,-7.6099791546805395,0.20000000151920802
813,False,50,-7.194286471698788,0.20000000148168937
814,False,50,-7.214942505609245,0.2000000014450973
815,False,50,-8.007612461538091,0.2000000014094089
816,False,50,-6.818271716932981,0.2000000013746019
817,False,50,-7.607701031660218,0.20000000134065446
818,False,50,-7.203934867394439,0.2000000013075454
819,False,50,-6.814113674868053,0.20000000127525402
820,False,50,-8.397805050364017,0.2000000012437601
821,False,50,-7.211013060031387,0.20000000121304398
822,False,50,-6.81809519422356,0.20000000118308642
823,False,50,-8.016635512414393,0.2000000011538687
824,False,50,-7.992748136669311,0.20000000112537253
825,False,50,-7.210905424995515,0.20000000109758012
826,False,50,-6.809764937771115,0.20000000107047408
827,False,50,-7.223148948954614,0.20000000104403745
828,False,50,-7.217598049948575,0.20000000101825371
829,False,50,-6.821520285283505,0.20000000099310675
830,False,50,-6.815155127855494,0.20000000096858078
831,False,50,-7.212538496046229,0.20000000094466053
832,False,50,-8.409155730477714,0.20000000092133102
833,False,50,-6.8164350045656175,0.20000000089857767
834,False,50,-6.819674200633689,0.20000000087638622
835,False,50,-7.210570103095397,0.20000000085474282
836,False,50,-6.805099974129609,0.20000000083363395
837,False,50,-7.200715309804963,0.20000000081304636
838,False,50,-6.827092934202828,0.20000000079296723
839,False,50,-6.830760559826474,0.20000000077338395
840,False,50,-7.619662517213465,0.2000000007542843
841,False,50,-6.820322876959433,0.20000000073565638
842,False,50,-6.814612881531978,0.20000000071748847
843,False,50,-7.2168105144251005,0.20000000069976925
844,False,50,-5.343806118653862,0.2000000006824876
845,False,50,-7.600192157048223,0.20000000066563278
846,False,50,-7.209348317710374,0.20000000064919418
847,False,50,-6.810046159144747,0.20000000063316156
848,False,50,-7.994925150148137,0.20000000061752488
849,False,50,-7.618001070317592,0.20000000060227438
850,False,50,-6.82582934879815,0.2000000005874005
851,False,50,-6.828464518855581,0.20000000057289394
852,False,50,-7.208426619392442,0.20000000055874564
853,False,50,-6.83495754505103,0.20000000054494677
854,False,50,-7.21485970267364,0.20000000053148867
855,False,50,-6.825495720941757,0.20000000051836292
856,False,50,-7.607165705667553,0.20000000050556133
857,False,50,-7.61670325032179,0.2000000004930759
858,False,50,-6.834298117838838,0.2000000004808988
859,False,50,-6.822992875279587,0.20000000046902244
860,False,50,-7.617440488568071,0.20000000045743938
861,False,50,-7.217378275254504,0.20000000044614236
862,False,50,-7.224604335516995,0.20000000043512434
863,False,50,-7.213552138413689,0.20000000042437843
864,False,50,-7.192527104750689,0.2000000004138979
865,False,50,-7.232165858304661,0.20000000040367621
866,False,50,-8.00769970187951,0.20000000039370694
867,False,50,-7.212892324563894,0.20000000038398388
868,False,50,-7.605845660526505,0.20000000037450094
869,False,50,-7.60806145145119,0.2000000003652522
870,False,50,-6.819450852230724,0.20000000035623186
871,False,50,-6.816388186437704,0.2000000003474343
872,False,50,-7.221518534934846,0.200000000338854
873,False,50,-7.211625023031721,0.2000000003304856
874,False,50,-7.211779196287945,0.20000000032232387
875,False,50,-7.224930082200015,0.20000000031436369
876,False,50,-7.626800239212283,0.20000000030660012
877,False,50,-7.223821752104418,0.20000000029902826
878,False,50,-6.813492773165793,0.2000000002916434
879,False,50,-7.210336152873928,0.20000000028444093
880,False,50,-7.610351696634978,0.20000000027741632
881,False,50,-6.819509372552353,0.2000000002705652
882,False,50,-6.820277615298133,0.20000000026388326
883,False,50,-8.003173941850262,0.20000000025736636
884,False,50,-8.797808936811967,0.2000000002510104
885,False,50,-7.609193625853033,0.20000000024481138
886,False,50,-7.20233927196886,0.2000000002387655
887,False,50,-7.2286699285000635,0.20000000023286887
888,False,50,-7.6286857936679535,0.20000000022711792
889,False,50,-6.140314685299628,0.20000000022150896
890,False,50,-6.802316278624528,0.20000000021603853
891,False,50,-8.406694702570388,0.20000000021070322
892,False,50,-7.20693782873051,0.20000000020549966
893,False,50,-6.82080930758224,0.20000000020042458
894,False,50,-8.012134176285443,0.20000000019547487
895,False,50,-6.826741380477301,0.20000000019064737
896,False,50,-7.62210643311059,0.2000000001859391
897,False,50,-7.622118902626861,0.20000000018134714
898,False,50,-8.00196825429424,0.20000000017686856
899,False,50,-6.821390161585652,0.20000000017250058
900,False,50,-6.827350941672913,0.20000000016824046
901,False,50,-7.22440284354445,0.20000000016408556
902,False,50,-8.407282666584086,0.20000000016003328
903,False,50,-7.614023405105669,0.20000000015608108
904,False,50,-6.830936917622512,0.20000000015222646
905,False,50,-6.830868239137379,0.20000000014846706
906,False,50,-7.221969782506699,0.2000000001448005
907,False,50,-7.627608029602412,0.20000000014122446
908,False,50,-6.831047568080514,0.20000000013773675
909,False,50,-7.6134303561969165,0.2000000001343352
910,False,50,-8.393986319735236,0.20000000013101762
911,False,50,-7.992252266562229,0.200000000127782
912,False,50,-7.609888675142172,0.20000000012462626
913,False,50,-6.156330997639698,0.20000000012154845
914,False,50,-7.59831010922068,0.20000000011854668
915,False,50,-7.632370356684015,0.20000000011561903
916,False,50,-7.59189017991647,0.20000000011276367
917,False,50,-5.75270562264364,0.20000000010997884
918,False,50,-8.020093044752791,0.2000000001072628
919,False,50,-7.626310647884123,0.2000000001046138
920,False,50,-7.9890880273022935,0.20000000010203026
921,False,50,-8.795638149908436,0.2000000000995105
922,False,50,-6.825453405049775,0.20000000009705296
923,False,50,-6.8207211307911475,0.20000000009465613
924,False,50,-6.831157779010732,0.20000000009231847
925,False,50,-7.225508327464214,0.20000000009003857
926,False,50,-6.826187279252647,0.20000000008781496
927,False,50,-7.222065391950789,0.20000000008564625
928,False,50,-6.8281745536360585,0.20000000008353114
929,False,50,-6.824358232884126,0.20000000008146823
930,False,50,-7.609353154997773,0.20000000007945626
931,False,50,-7.6264271199998666,0.200000000077494
932,False,50,-7.627488267394317,0.2000000000755802
933,False,50,-7.999461997088963,0.20000000007371366
934,False,50,-8.009225301416176,0.2000000000718932
935,False,50,-7.2138673615210065,0.20000000007011773
936,False,50,-8.021466564923191,0.20000000006838609
937,False,50,-6.8326142426441105,0.20000000006669721
938,False,50,-6.834927483169521,0.20000000006505003
939,False,50,-6.827094109839054,0.20000000006344354
940,False,50,-8.01236478584528,0.20000000006187674
941,False,50,-8.006830460086547,0.20000000006034863
942,False,50,-7.613340939586423,0.20000000005885823
943,False,50,-7.629273539816561,0.20000000005740468
944,False,50,-8.026309870018213,0.200000000055987
945,False,50,-7.993177840151629,0.20000000005460433
946,False,50,-6.830804476121513,0.2000000000532558
947,False,50,-6.816408463172439,0.2000000000519406
948,False,50,-7.6141979508006,0.20000000005065785
949,False,50,-6.823114428454918,0.2000000000494068
950,False,50,-6.82814281593998,0.20000000004818663
951,False,50,-8.015216896462377,0.2000000000469966
952,False,50,-7.188102092497145,0.20000000004583599
953,False,50,-6.829222562380867,0.200000000044704
954,False,50,-7.620626452779149,0.2000000000436
955,False,50,-6.516550654446575,0.20000000004252325
956,False,50,-7.199430895110968,0.20000000004147309
957,False,50,-7.587636926079285,0.20000000004044885
958,False,50,-8.012869818058162,0.20000000003944993
959,False,50,-7.2259259045912945,0.20000000003847565
960,False,50,-7.220594954616242,0.20000000003752544
961,False,50,-6.833293930534456,0.2000000000365987
962,False,50,-7.602244184612419,0.20000000003569487
963,False,50,-7.985962626317632,0.20000000003481333
964,False,50,-7.20922606424249,0.20000000003395357
965,False,50,-6.833604812897248,0.20000000003311505
966,False,50,-7.617252641347621,0.20000000003229726
967,False,50,-7.195094834783117,0.20000000003149962
968,False,50,-7.205696212335931,0.20000000003072171
969,False,50,-6.831368549934875,0.200000000029963
970,False,50,-7.609766358251405,0.20000000002922302
971,False,50,-7.623034857769381,0.20000000002850132
972,False,50,-7.633146534756838,0.20000000002779744
973,False,50,-6.829625846008086,0.20000000002711096
974,False,50,-7.214333162968705,0.20000000002644142
975,False,50,-8.402894527353467,0.20000000002578844
976,False,50,-7.210563985123544,0.20000000002515156
977,False,50,-6.8359593575045485,0.20000000002453042
978,False,50,-7.2159129122855905,0.2000000000239246
979,False,50,-6.83087745455114,0.20000000002333376
980,False,50,-6.829155294169799,0.2000000000227575
981,False,50,-7.601324302041224,0.20000000002219548
982,False,50,-7.574936841327252,0.20000000002164733
983,False,50,-6.821558534228233,0.20000000002111273
984,False,50,-7.63178706047796,0.20000000002059132
985,False,50,-7.689244566559595,0.20000000002008278
986,False,50,-7.205473170000338,0.20000000001958682
987,False,50,-7.625481094356374,0.2000000000191031
988,False,50,-6.830985669874908,0.20000000001863133
989,False,50,-7.9997883725752095,0.2000000000181712
990,False,50,-7.624359811844011,0.20000000001772245
991,False,50,-7.594589991182705,0.20000000001728477
992,False,50,-6.8090879371114985,0.20000000001685792
993,False,50,-8.006258738410875,0.20000000001644158
994,False,50,-6.836037840051693,0.20000000001603555
995,False,50,-7.23646740411835,0.20000000001563953
996,False,50,-7.605292284519006,0.20000000001525328
997,False,50,-7.211507336409276,0.20000000001487658
998,False,50,-7.219404928893729,0.20000000001450918
999,False,50,-7.226675064232399,0.20000000001415086
1000,False,50,-7.236423159664264,0.2000000000138014
1001,False,50,-7.615160011483715,0.20000000001346055
1002,False,50,-7.613743562665537,0.20000000001312812
1003,False,50,-8.00540547689632,0.2000000000128039
1004,False,50,-6.8333444614775285,0.20000000001248772
1005,False,50,-6.810202674564494,0.20000000001217932
1006,False,50,-7.633903663836492,0.20000000001187854
1007,False,50,-6.149346965811082,0.2000000000115852
1008,False,50,-6.831741838608932,0.20000000001129906
1009,False,50,-7.230096712067441,0.20000000001102003
1010,False,50,-7.612823496338509,0.20000000001074786
1011,False,50,-7.215728323548418,0.20000000001048243
1012,False,50,-7.22586813620827,0.20000000001022356
1013,False,50,-7.632817867509507,0.2000000000099711
1014,False,50,-7.628250667475255,0.20000000000972484
1015,False,50,-7.625890434851765,0.20000000000948467
1016,False,50,-6.8229226052177285,0.20000000000925044
1017,False,50,-7.224796538146608,0.200000000009022
1018,False,50,-6.817363745899831,0.20000000000879917
1019,False,50,-7.226760946357272,0.20000000000858187
1020,False,50,-7.232279636398938,0.20000000000836993
1021,False,50,-8.821526122831964,0.20000000000816323
1022,False,50,-7.2266600823332645,0.20000000000796161
1023,False,50,-6.8378083197128845,0.200000000007765
1024,False,50,-6.838547740700588,0.20000000000757323
1025,False,50,-6.894430096812885,0.2000000000073862
1026,False,50,-7.217253184376421,0.2000000000072038
1027,False,50,-6.8068797928982505,0.2000000000070259
1028,False,50,-7.2332440286618915,0.20000000000685236
1029,False,50,-7.189616305721585,0.20000000000668314
1030,False,50,-7.99595196626761,0.2000000000065181
1031,False,50,-7.230694995711581,0.20000000000635712
1032,False,50,-6.833334342826017,0.20000000000620013
1033,False,50,-7.999498387837036,0.200000000006047
1034,False,50,-7.6196261872441955,0.20000000000589768
1035,False,50,-7.228862930061291,0.20000000000575202
1036,False,50,-7.631112469186644,0.20000000000560997
1037,False,50,-6.831172455420447,0.20000000000547144
1038,False,50,-7.2343019750548665,0.2000000000053363
1039,False,50,-6.832238341018766,0.20000000000520451
1040,False,50,-6.821327109355887,0.20000000000507598
1041,False,50,-7.609624403141605,0.20000000000495063
1042,False,50,-7.199450046115363,0.20000000000482837
1043,False,50,-9.54942824630844,0.20000000000470913
1044,False,50,-6.836303559297383,0.20000000000459284
1045,False,50,-7.2315747145272375,0.2000000000044794
1046,False,50,-7.626135000765981,0.2000000000043688
1047,False,50,-8.02040514276015,0.20000000000426088
1048,False,50,-7.222538983518469,0.20000000000415566
1049,False,50,-6.835174117760264,0.20000000000405302
1050,False,50,-7.617270024265729,0.20000000000395293
1051,False,50,-7.2351116439321155,0.20000000000385532
1052,False,50,-6.829077382569222,0.20000000000376011
1053,False,50,-7.632610361217559,0.20000000000366724
1054,False,50,-7.2345985396501735,0.20000000000357668
1055,False,50,-6.8290424633786,0.20000000000348836
1056,False,50,-7.63203892983238,0.2000000000034022
1057,False,50,-7.231091996511227,0.2000000000033182
1058,False,50,-5.77055242868033,0.20000000000323623
1059,False,50,-5.370808956424181,0.20000000000315632
1060,False,50,-7.2157521503822535,0.20000000000307835
1061,False,50,-5.753871764996593,0.20000000000300233
1062,False,50,-6.836394241393556,0.2000000000029282
1063,False,50,-6.839413209528835,0.20000000000285587
1064,False,50,-7.623291780178767,0.20000000000278534
1065,False,50,-6.834270297631587,0.20000000000271656
1066,False,50,-7.230169628400084,0.20000000000264948
1067,False,50,-6.834056928405553,0.20000000000258403
1068,False,50,-6.531001375993896,0.20000000000252022
1069,False,50,-7.234169948764386,0.200000000002458
1070,False,50,-6.821925714819897,0.2000000000023973
1071,False,50,-6.834509935888494,0.20000000000233809
1072,False,50,-7.606691381679814,0.20000000000228033
1073,False,50,-6.83777469218696,0.200000000002224
1074,False,50,-7.223774314730932,0.2000000000021691
1075,False,50,-6.8331106353486355,0.20000000000211554
1076,False,50,-7.235064193326306,0.20000000000206328
1077,False,50,-7.22025167940314,0.20000000000201232
1078,False,50,-7.225399573011945,0.20000000000196264
1079,False,50,-8.421497380970496,0.20000000000191417
1080,False,50,-6.134391270850843,0.20000000000186688
1081,False,50,-6.826125739152026,0.20000000000182078
1082,False,50,-7.629150939681052,0.2000000000017758
1083,False,50,-8.019561156752927,0.20000000000173196
1084,False,50,-6.842368766786123,0.2000000000016892
1085,False,50,-6.83117802925984,0.20000000000164747
1086,False,50,-6.826072761983144,0.20000000000160678
1087,False,50,-5.749014512504788,0.20000000000156712
1088,False,50,-7.619128222551708,0.2000000000015284
1089,False,50,-7.207884658253448,0.20000000000149065
1090,False,50,-7.224252334605644,0.20000000000145385
1091,False,50,-6.82433977795726,0.20000000000141793
1092,False,50,-7.235118569749723,0.20000000000138293
1093,False,50,-7.612681465119914,0.20000000000134877
1094,False,50,-7.593083471359404,0.20000000000131546
1095,False,50,-6.828160470907457,0.20000000000128298
1096,False,50,-6.834587211539984,0.2000000000012513
1097,False,50,-7.210079319613245,0.2000000000012204
1098,False,50,-7.619150176540961,0.20000000000119025
1099,False,50,-7.23596032800618,0.20000000000116086
1100,False,50,-7.619576361804487,0.2000000000011322
1101,False,50,-7.6096964728794205,0.20000000000110424
1102,False,50,-7.236366032183275,0.20000000000107696
1103,False,50,-7.204919187993102,0.20000000000105037
1104,False,50,-7.233941785124367,0.20000000000102441
1105,False,50,-6.837388104187488,0.20000000000099913
1106,False,50,-7.620889806056748,0.20000000000097445
1107,False,50,-8.036156968709799,0.2000000000009504
1108,False,50,-6.832148136181014,0.2000000000009269
1109,False,50,-7.239849525443819,0.200000000000904
1110,False,50,-7.215412699786063,0.2000000000008817
1111,False,50,-8.035645501118484,0.20000000000085993
1112,False,50,-6.837613414639623,0.20000000000083867
1113,False,50,-7.214432211526934,0.20000000000081797
1114,False,50,-9.599237332532253,0.20000000000079776
1115,False,50,-6.827650927318185,0.20000000000077808
1116,False,50,-7.2254542218215905,0.20000000000075885
1117,False,50,-7.234272901069251,0.2000000000007401
1118,False,50,-7.210514664984207,0.20000000000072185
1119,False,50,-7.22308357790026,0.200000000000704
1120,False,50,-6.835810754817853,0.20000000000068663
1121,False,50,-7.226705912025967,0.20000000000066967
1122,False,50,-7.622279485222149,0.20000000000065313
1123,False,50,-7.997591536700609,0.200000000000637
1124,False,50,-7.223083439957492,0.20000000000062126
1125,False,50,-7.613951915485806,0.20000000000060592
1126,False,50,-7.6309358277811645,0.20000000000059096
1127,False,50,-8.378887027937632,0.20000000000057638
1128,False,50,-7.627236544890849,0.20000000000056214
1129,False,50,-7.626016205514178,0.20000000000054827
1130,False,50,-5.347992535296972,0.20000000000053472
1131,False,50,-7.239096627777479,0.2000000000005215
1132,False,50,-6.838644001742852,0.20000000000050863
1133,False,50,-7.236468610136401,0.20000000000049606
1134,False,50,-6.826770457964416,0.20000000000048382
1135,False,50,-6.12940958783283,0.20000000000047188
1136,False,50,-7.228060460122544,0.20000000000046023
1137,False,50,-7.601104446905871,0.20000000000044885
1138,False,50,-6.8190914213517875,0.20000000000043777
1139,False,50,-8.804003575258827,0.20000000000042695
1140,False,50,-7.628102585751274,0.2000000000004164
1141,False,50,-7.228931005373693,0.20000000000040613
1142,False,50,-6.529868225358425,0.2000000000003961
1143,False,50,-8.41269742557926,0.2000000000003863
1144,False,50,-7.22470560635624,0.20000000000037677
1145,False,50,-6.825590370758342,0.20000000000036747
1146,False,50,-7.232595119102195,0.2000000000003584
1147,False,50,-6.837175058933315,0.20000000000034954
1148,False,50,-6.823277333355693,0.2000000000003409
1149,False,50,-7.222013721604981,0.2000000000003325
1150,False,50,-6.825513835378235,0.20000000000032428
1151,False,50,-7.606519949863902,0.20000000000031629
1152,False,50,-6.820595182885255,0.20000000000030846
1153,False,50,-7.999477877064184,0.20000000000030085
1154,False,50,-6.815985045639005,0.20000000000029342
1155,False,50,-6.831016717064938,0.20000000000028617
1156,False,50,-7.200292167337133,0.2000000000002791
1157,False,50,-7.19889002095619,0.2000000000002722
1158,False,50,-6.822460764430769,0.2000000000002655
1159,False,50,-7.980484288876706,0.20000000000025894
1160,False,50,-7.226198582379189,0.20000000000025253
1161,False,50,-6.831743777965296,0.20000000000024631
1162,False,50,-7.216885952913504,0.2000000000002402
1163,False,50,-7.607627300919166,0.2000000000002343
1164,False,50,-7.209020336974529,0.2000000000002285
1165,False,50,-8.394866755222617,0.20000000000022286
1166,False,50,-6.808298100396103,0.20000000000021737
1167,False,50,-8.008034796347692,0.20000000000021198
1168,False,50,-6.829624442701282,0.20000000000020676
1169,False,50,-7.236015683126821,0.20000000000020166
1170,False,50,-8.395840023775115,0.20000000000019666
1171,False,50,-7.214552901184273,0.2000000000001918
1172,False,50,-7.214639222665351,0.20000000000018708
1173,False,50,-6.812975469498677,0.20000000000018245
1174,False,50,-6.80610331430546,0.20000000000017795
1175,False,50,-6.127890237227309,0.20000000000017357
1176,False,50,-6.8243384956109665,0.20000000000016926
1177,False,50,-6.8216984850556175,0.2000000000001651
1178,False,50,-9.190385089837811,0.20000000000016102
1179,False,50,-7.615615193257711,0.20000000000015702
1180,False,50,-6.830096173744065,0.20000000000015317
1181,False,50,-6.8192598687323445,0.20000000000014936
1182,False,50,-5.7482152232526555,0.2000000000001457
1183,False,50,-7.217062401509041,0.2000000000001421
1184,False,50,-7.218269906590805,0.2000000000001386
1185,False,50,-7.227731250700324,0.20000000000013515
1186,False,50,-7.618840656031771,0.20000000000013182
1187,False,50,-6.82704641325366,0.20000000000012857
1188,False,50,-8.011088843348515,0.20000000000012538
1189,False,50,-6.814007782716492,0.2000000000001223
1190,False,50,-8.769181411042966,0.20000000000011928
1191,False,50,-6.8216508328728995,0.20000000000011633
1192,False,50,-6.832879427580348,0.20000000000011345
1193,False,50,-7.235048055863021,0.20000000000011064
1194,False,50,-6.820122653866375,0.20000000000010792
1195,False,50,-6.826267751064669,0.20000000000010526
1196,False,50,-6.829971242757563,0.20000000000010265
1197,False,50,-7.219701222788909,0.20000000000010013
1198,False,50,-7.184966074539086,0.20000000000009766
1199,False,50,-8.422525068389525,0.20000000000009524
1200,False,50,-6.829746964302201,0.20000000000009288
1201,False,50,-6.812579548737316,0.2000000000000906
1202,False,50,-6.831664118263621,0.20000000000008836
1203,False,50,-7.621775415434997,0.20000000000008616
1204,False,50,-6.82054143744703,0.20000000000008405
1205,False,50,-7.221320109642447,0.20000000000008197
1206,False,50,-7.999643779170411,0.20000000000007995
1207,False,50,-8.006680314614503,0.20000000000007798
1208,False,50,-7.220779149378129,0.20000000000007606
1209,False,50,-7.245579359765783,0.20000000000007417
1210,False,50,-8.828805607708748,0.20000000000007234
1211,False,50,-7.232331102599282,0.20000000000007057
1212,False,50,-6.823536366111083,0.20000000000006882
1213,False,50,-7.626795457363139,0.20000000000006712
1214,False,50,-7.2317965444265475,0.20000000000006546
1215,False,50,-7.227945322091629,0.20000000000006385
1216,False,50,-6.823577131275813,0.20000000000006227
1217,False,50,-5.769601701682887,0.2000000000000607
1218,False,50,-6.827558722830543,0.2000000000000592
1219,False,50,-6.8323401464673,0.20000000000005777
1220,False,50,-7.211632916669556,0.20000000000005633
1221,False,50,-6.8341531458752405,0.20000000000005494
1222,False,50,-7.627262038547857,0.20000000000005358
1223,False,50,-6.838731710758562,0.20000000000005227
1224,False,50,-6.833522116505632,0.20000000000005097
1225,False,50,-6.840815260896308,0.20000000000004972
1226,False,50,-6.837672131573161,0.2000000000000485
1227,False,50,-7.230434805540809,0.20000000000004728
1228,False,50,-7.626584826128131,0.2000000000000461
1229,False,50,-6.830948609070319,0.20000000000004498
1230,False,50,-6.835755059047727,0.20000000000004386
1231,False,50,-7.6300625409853255,0.20000000000004278
1232,False,50,-6.829576995639043,0.20000000000004173
1233,False,50,-7.615077304419373,0.2000000000000407
1234,False,50,-6.8397246293200125,0.2000000000000397
1235,False,50,-7.220233250974731,0.20000000000003873
1236,False,50,-7.623686674919104,0.20000000000003776
1237,False,50,-6.828612234284597,0.20000000000003684
1238,False,50,-7.221832635354506,0.20000000000003593
1239,False,50,-7.22835856003943,0.20000000000003504
1240,False,50,-7.214775175189715,0.20000000000003418
1241,False,50,-6.832062635259702,0.20000000000003332
1242,False,50,-7.219015400844696,0.2000000000000325
1243,False,50,-6.147686883226631,0.2000000000000317
1244,False,50,-7.210980024291667,0.20000000000003093
1245,False,50,-7.228193872509454,0.20000000000003015
1246,False,50,-6.838653036686293,0.2000000000000294
1247,False,50,-6.824629302688426,0.20000000000002868
1248,False,50,-6.823828079763432,0.200000000000028
1249,False,50,-7.211780084026331,0.2000000000000273
1250,False,50,-7.237081855257436,0.2000000000000266
1251,False,50,-8.40915003601371,0.20000000000002596
1252,False,50,-6.8420091839835475,0.20000000000002532
1253,False,50,-7.639879035189787,0.20000000000002469
1254,False,50,-6.835239904387209,0.20000000000002408
1255,False,50,-8.030124745510207,0.2000000000000235
1256,False,50,-8.03572278384079,0.2000000000000229
1257,False,50,-6.843301121956508,0.20000000000002235
1258,False,50,-6.841696599697663,0.2000000000000218
1259,False,50,-6.818505324035366,0.20000000000002124
1260,False,50,-7.632524372039586,0.20000000000002072
1261,False,50,-7.635148305422909,0.20000000000002022
1262,False,50,-6.834905032426759,0.20000000000001972
1263,False,50,-7.6309697384995046,0.20000000000001922
1264,False,50,-7.2409017719298605,0.20000000000001875
1265,False,50,-6.841273913166175,0.2000000000000183
1266,False,50,-6.842111553117333,0.20000000000001783
1267,False,50,-6.835635610036964,0.2000000000000174
1268,False,50,-7.237928211459536,0.20000000000001697
1269,False,50,-6.966511107613947,0.20000000000001655
1270,False,50,-7.244451408208576,0.20000000000001614
1271,False,50,-7.607071738427491,0.20000000000001575
1272,False,50,-7.243277819189254,0.20000000000001536
1273,False,50,-7.2239671951235955,0.20000000000001497
1274,False,50,-7.629433601873767,0.2000000000000146
1275,False,50,-7.352653081897095,0.20000000000001425
1276,False,50,-8.842000689903204,0.2000000000000139
1277,False,50,-9.222172846296882,0.20000000000001356
1278,False,50,-6.830440055605022,0.20000000000001322
1279,False,50,-5.773125264711481,0.2000000000000129
1280,False,50,-6.8420913391933755,0.20000000000001258
1281,False,50,-7.639129852275843,0.20000000000001225
1282,False,50,-7.229379319427425,0.20000000000001197
1283,False,50,-7.626815329513226,0.20000000000001167
1284,False,50,-7.6210041817135705,0.2000000000000114
1285,False,50,-7.631019659903828,0.20000000000001109
1286,False,50,-8.413901968031107,0.20000000000001084
1287,False,50,-7.222323227640022,0.20000000000001056
1288,False,50,-8.022042467571902,0.2000000000000103
1289,False,50,-8.032860881171517,0.20000000000001003
1290,False,50,-6.828132437152666,0.20000000000000978
1291,False,50,-8.013603700701308,0.20000000000000956
1292,False,50,-7.63053897860358,0.2000000000000093
1293,False,50,-6.828077964089112,0.2000000000000091
1294,False,50,-6.817804646022745,0.20000000000000887
1295,False,50,-6.826139933210561,0.20000000000000864
1296,False,50,-9.239240469486942,0.20000000000000842
1297,False,50,-7.234587218483471,0.20000000000000823
1298,False,50,-6.819853014752803,0.20000000000000803
1299,False,50,-7.2319728733233655,0.2000000000000078
1300,False,50,-7.228034411877077,0.20000000000000764
1301,False,50,-7.231838735104695,0.20000000000000745
1302,False,50,-8.436960475499419,0.20000000000000726
1303,False,50,-8.013632232645172,0.2000000000000071
1304,False,50,-7.630368942765585,0.2000000000000069
1305,False,50,-7.236363286843831,0.20000000000000673
1306,False,50,-7.236480769954211,0.20000000000000656
1307,False,50,-7.630528826252564,0.2000000000000064
1308,False,50,-6.831727621000235,0.20000000000000626
1309,False,50,-7.629224830037607,0.2000000000000061
1310,False,50,-6.831976776233566,0.20000000000000595
1311,False,50,-5.364236831303071,0.20000000000000578
1312,False,50,-8.021054248193103,0.20000000000000565
1313,False,50,-7.239047661378061,0.2000000000000055
1314,False,50,-7.625539333155881,0.20000000000000537
1315,False,50,-8.425110577363466,0.20000000000000526
1316,False,50,-7.619404934612393,0.20000000000000512
1317,False,50,-5.762785296966313,0.20000000000000498
1318,False,50,-7.237747543573298,0.20000000000000487
1319,False,50,-5.745800515784489,0.20000000000000476
1320,False,50,-8.381002634382462,0.20000000000000462
1321,False,50,-8.027138481714637,0.2000000000000045
1322,False,50,-6.828174041337902,0.2000000000000044
1323,False,50,-6.81976692183873,0.20000000000000429
1324,False,50,-6.813436784923959,0.2000000000000042
1325,False,50,-7.2027043530718355,0.2000000000000041
1326,False,50,-7.621137507616127,0.20000000000000398
1327,False,50,-7.2090773122626715,0.2000000000000039
1328,False,50,-6.815136482845246,0.20000000000000379
1329,False,50,-8.01251688168313,0.2000000000000037
1330,False,50,-7.223944919455935,0.20000000000000362
1331,False,50,-6.82995786654792,0.2000000000000035
1332,False,50,-7.603059964385029,0.20000000000000343
1333,False,50,-6.8199397679910225,0.20000000000000334
1334,False,50,-8.020527776372615,0.20000000000000326
1335,False,50,-7.61199118972336,0.20000000000000318
1336,False,50,-8.020735991688236,0.20000000000000312
1337,False,50,-7.23198457751336,0.20000000000000304
1338,False,50,-6.82000748697667,0.20000000000000295
1339,False,50,-6.83029145049802,0.2000000000000029
1340,False,50,-8.009118650095878,0.20000000000000281
1341,False,50,-7.21592551326301,0.20000000000000273
1342,False,50,-7.632567531924854,0.20000000000000268
1343,False,50,-6.8192574955558305,0.20000000000000262
1344,False,50,-7.225154624661913,0.20000000000000254
1345,False,50,-8.01253939474989,0.20000000000000248
1346,False,50,-6.91635027778883,0.20000000000000243
1347,False,50,-7.626929181356166,0.20000000000000237
1348,False,50,-7.229137472305985,0.20000000000000231
1349,False,50,-7.612607395690955,0.20000000000000226
1350,False,50,-7.213115806881623,0.2000000000000022
1351,False,50,-6.84184187135169,0.20000000000000215
1352,False,50,-7.633907239071125,0.2000000000000021
1353,False,50,-7.615303677601117,0.20000000000000204
1354,False,50,-6.829377668672664,0.20000000000000198
1355,False,50,-6.837420849859172,0.20000000000000193
1356,False,50,-6.833634478716572,0.2000000000000019
1357,False,50,-6.828374689547612,0.20000000000000184
1358,False,50,-7.223464406991985,0.2000000000000018
1359,False,50,-8.827567908611364,0.20000000000000176
1360,False,50,-6.176558283300102,0.2000000000000017
1361,False,50,-7.234613146619454,0.20000000000000168
1362,False,50,-6.822728425705044,0.20000000000000162
1363,False,50,-6.836639091602109,0.2000000000000016
1364,False,50,-6.824087599226106,0.20000000000000154
1365,False,50,-6.826872856044112,0.2000000000000015
1366,False,50,-7.230378398996198,0.20000000000000148
1367,False,50,-7.229547118312221,0.20000000000000143
1368,False,50,-7.224477755114824,0.2000000000000014
1369,False,50,-7.235600869918904,0.20000000000000137
1370,False,50,-8.015083959171164,0.20000000000000134
1371,False,50,-6.835816224591056,0.20000000000000132
1372,False,50,-6.827564350638047,0.20000000000000126
1373,False,50,-7.242120285638663,0.20000000000000123
1374,False,50,-8.037565077458549,0.2000000000000012
1375,False,50,-7.217330186109908,0.20000000000000118
1376,False,50,-8.422391841756996,0.20000000000000115
1377,False,50,-7.620744725928004,0.20000000000000112
1378,False,50,-7.234218812126416,0.2000000000000011
1379,False,50,-9.555247522103672,0.20000000000000107
1380,False,50,-7.221102285389606,0.20000000000000104
1381,False,50,-7.617018453115579,0.200000000000001
1382,False,50,-7.607831314727749,0.20000000000000098
1383,False,50,-7.214130230310689,0.20000000000000095
1384,False,50,-9.179438406590684,0.20000000000000095
1385,False,50,-7.2160635393721755,0.20000000000000093
1386,False,50,-7.22173009159197,0.2000000000000009
1387,False,50,-7.617245431020985,0.20000000000000087
1388,False,50,-6.8174663525162575,0.20000000000000084
1389,False,50,-8.429167509250576,0.20000000000000084
1390,False,50,-7.613057285666634,0.20000000000000082
1391,False,50,-8.012621812669703,0.2000000000000008
1392,False,50,-8.022820678094298,0.2000000000000008
1393,False,50,-7.631594542850101,0.20000000000000076
1394,False,50,-7.216292326352894,0.20000000000000073
1395,False,50,-7.992731917731375,0.20000000000000073
1396,False,50,-7.640340614480634,0.2000000000000007
1397,False,50,-8.019361705918064,0.20000000000000068
1398,False,50,-6.842025392805436,0.20000000000000068
1399,False,50,-6.839603190701408,0.20000000000000065
1400,False,50,-7.211415001461649,0.20000000000000065
1401,False,50,-5.371609977405287,0.20000000000000062
1402,False,50,-6.8369004667190145,0.2000000000000006
1403,False,50,-7.237986271534502,0.2000000000000006
1404,False,50,-7.233893511935905,0.20000000000000057
1405,False,50,-6.838867036713453,0.20000000000000057
1406,False,50,-7.239351741840786,0.20000000000000054
1407,False,50,-6.840304548739939,0.20000000000000054
1408,False,50,-6.8295778370481415,0.2000000000000005
1409,False,50,-7.22864768633838,0.2000000000000005
1410,False,50,-7.229317388357715,0.2000000000000005
1411,False,50,-7.236507916094012,0.20000000000000048
1412,False,50,-6.840515275558284,0.20000000000000048
1413,False,50,-8.035544652662859,0.20000000000000046
1414,False,50,-8.0367649669065,0.20000000000000046
1415,False,50,-8.01540630760898,0.20000000000000043
1416,False,50,-6.84115264447708,0.20000000000000043
1417,False,50,-5.362983606253174,0.20000000000000043
1418,False,50,-7.607118684103649,0.2000000000000004
1419,False,50,-8.019213636696232,0.2000000000000004
1420,False,50,-7.233801163041898,0.2000000000000004
1421,False,50,-7.230499975847895,0.20000000000000037
1422,False,50,-8.030085100062978,0.20000000000000037
1423,False,50,-9.972206348093874,0.20000000000000037
1424,False,50,-7.627137921926223,0.20000000000000034
1425,False,50,-7.229553701565941,0.20000000000000034
1426,False,50,-8.037959943884099,0.20000000000000034
1427,False,50,-6.548919776406024,0.20000000000000032
1428,False,50,-7.628986524141543,0.20000000000000032
1429,False,50,-9.216309747627413,0.20000000000000032
1430,False,50,-6.8286628338020545,0.20000000000000032
1431,False,50,-7.2086411292236505,0.2000000000000003
1432,False,50,-7.20950945088074,0.2000000000000003
1433,False,50,-6.835302195707713,0.2000000000000003
1434,False,50,-7.231880362745026,0.2000000000000003
1435,False,50,-6.824917262013134,0.20000000000000026
1436,False,50,-6.843631578243655,0.20000000000000026
1437,False,50,-7.644147717442971,0.20000000000000026
1438,False,50,-7.215457582263363,0.20000000000000026
1439,False,50,-7.6116086043692235,0.20000000000000023
1440,False,50,-6.837098251133597,0.20000000000000023
1441,False,50,-8.41522312619154,0.20000000000000023
1442,False,50,-7.22617525376687,0.20000000000000023
1443,False,50,-7.232554251095682,0.20000000000000023
1444,False,50,-7.234621732624561,0.2000000000000002
1445,False,50,-6.836362083063539,0.2000000000000002
1446,False,50,-7.22733817362136,0.2000000000000002
1447,False,50,-6.831178126704755,0.2000000000000002
1448,False,50,-7.639136597953633,0.2000000000000002
1449,False,50,-6.830188185306749,0.2000000000000002
1450,False,50,-6.8284337793970025,0.20000000000000018
1451,False,50,-6.835075584440185,0.20000000000000018
1452,False,50,-7.630847216273079,0.20000000000000018
1453,False,50,-8.021683081110055,0.20000000000000018
1454,False,50,-7.22782837982101,0.20000000000000018
1455,False,50,-7.23424491674772,0.20000000000000018
1456,False,50,-7.233980592766619,0.20000000000000018
1457,False,50,-7.623116505824779,0.20000000000000015
1458,False,50,-6.821363714676023,0.20000000000000015
1459,False,50,-7.23223888131723,0.20000000000000015
1460,False,50,-6.836197255482595,0.20000000000000015
1461,False,50,-7.242727561457947,0.20000000000000015
1462,False,50,-7.226510692128218,0.20000000000000015
1463,False,50,-7.235510065869468,0.20000000000000015
1464,False,50,-7.632224654250757,0.20000000000000015
1465,False,50,-8.004520677361246,0.20000000000000012
1466,False,50,-7.237757668292971,0.20000000000000012
1467,False,50,-7.6213701003917524,0.20000000000000012
1468,False,50,-6.838368517495757,0.20000000000000012
1469,False,50,-7.229507042481396,0.20000000000000012
1470,False,50,-8.026546322845014,0.20000000000000012
1471,False,50,-6.809576751011572,0.20000000000000012
1472,False,50,-6.135203017480515,0.20000000000000012
1473,False,50,-7.24886187431003,0.20000000000000012
1474,False,50,-7.608427745612131,0.20000000000000012
1475,False,50,-6.833174353686999,0.2000000000000001
1476,False,50,-6.834037274413963,0.2000000000000001
1477,False,50,-6.832841464927093,0.2000000000000001
1478,False,50,-6.834503459450867,0.2000000000000001
1479,False,50,-6.15860894236371,0.2000000000000001
1480,False,50,-7.244600036797186,0.2000000000000001
1481,False,50,-7.23704461347597,0.2000000000000001
1482,False,50,-7.225112987817693,0.2000000000000001
1483,False,50,-8.021106169249121,0.2000000000000001
1484,False,50,-5.758905885503083,0.2000000000000001
1485,False,50,-8.392007924349286,0.2000000000000001
1486,False,50,-7.220265989245192,0.2000000000000001
1487,False,50,-6.838489202888052,0.2000000000000001
1488,False,50,-7.2309782834375556,0.20000000000000007
1489,False,50,-7.231548839552185,0.20000000000000007
1490,False,50,-6.555300433790571,0.20000000000000007
1491,False,50,-8.028105769812184,0.20000000000000007
1492,False,50,-8.429375651587154,0.20000000000000007
1493,False,50,-7.221783284580098,0.20000000000000007
1494,False,50,-6.841956907290271,0.20000000000000007
1495,False,50,-7.644155556801856,0.20000000000000007
1496,False,50,-7.352510120112322,0.20000000000000007
1497,False,50,-6.817344899417024,0.20000000000000007
1498,False,50,-7.335983872976018,0.20000000000000007
1499,False,50,-7.629531650159997,0.20000000000000007
1500,False,50,-7.617999662097954,0.20000000000000007
